{"accuracy": [0.7753860354423523, 0.84375, 0.8150054812431335, 0.84375, 0.8204648494720459], "loss": [0.5527929663658142, 0.3704923987388611, 0.44891443848609924, 0.5665287971496582, 0.43390023708343506], "val_accuracy": [0.7834429740905762, 0.7058823704719543, 0.8273026347160339, 0.8823529481887817, 0.8366228342056274], "val_loss": [0.5114361643791199, 0.46139171719551086, 0.42153486609458923, 0.3099752366542816, 0.3971554934978485]}