{"accuracy": [0.755264401435852, 0.8125, 0.788488507270813, 0.8125, 0.8157853484153748], "loss": [0.648983359336853, 0.4321529269218445, 0.5000322461128235, 0.44079118967056274, 0.44985368847846985], "val_accuracy": [0.7856359481811523, 0.7058823704719543, 0.8174341917037964, 0.8823529481887817, 0.813048243522644], "val_loss": [0.5568072199821472, 0.7300742864608765, 0.44402259588241577, 0.2738020718097687, 0.46900656819343567]}