{"accuracy": [0.6889720559120178, 0.75, 0.7678989171981812, 0.6875, 0.7867727279663086], "loss": [0.7854658365249634, 0.5595462322235107, 0.5719819068908691, 0.6932958364486694, 0.5360421538352966], "val_accuracy": [0.7922149300575256, 0.8823529481887817, 0.8108552694320679, 0.6470588445663452, 0.7878289222717285], "val_loss": [0.545147716999054, 0.6363348960876465, 0.49186649918556213, 0.7057366371154785, 0.5099677443504333]}