{"accuracy": [0.3440960943698883, 0.40625, 0.35314303636550903, 0.375, 0.3548588454723358], "loss": [1.3245142698287964, 1.2743207216262817, 1.3205159902572632, 1.2860164642333984, 1.3182783126831055], "val_accuracy": [0.3552631437778473, 0.3529411852359772, 0.3530701696872711, 0.5882353186607361, 0.32510966062545776], "val_loss": [1.320369005203247, 1.2979471683502197, 1.3186495304107666, 1.1979414224624634, 1.318328857421875]}